{
    "n_layers": 4,
    "n_neurons": 193,
    "dropout_rate": 0.17599409394473192,
    "lr": 0.0017356306701469086
}