{
    "n_layers": 7,
    "n_neurons": 238,
    "dropout_rate": 0.4047314455542069,
    "lr": 0.0005239283144843189
}