{
    "n_layers": 7,
    "n_neurons": 432,
    "dropout_rate": 0.198322013379925,
    "lr": 0.000470626748321561
}