{
    "n_layers": 5,
    "n_neurons": 259,
    "dropout_rate": 0.40282033288468033,
    "lr": 0.001286733506118558
}