{
    "n_layers": 8,
    "n_neurons": 149,
    "dropout_rate": 0.05099580343441451,
    "lr": 0.0020248413751043854
}