Modele,Epochs,Score_Total_%,Loss_MSE_Test,RMSE_Fn_Rel_%,RMSE_Ft_Rel_%,Wass_Fn,Wass_Ft
Baseline_BEM_Pure,0,43.75624035905874,0.0,11.969817205041297,31.78642315401744,17.060216792280993,3.464660637203252
GV_0_f,1000,1.841581990555402,0.0107394540682435,0.3513148535200455,1.4902671370353566,0.4777138405715397,0.0981617158643951
GV_0_v,1000,1.6976276697744672,0.0026502185501158,0.3149935748127782,1.382634094961689,0.4479361425122322,0.101930734859051
GV_1_f,1000,3.245571741288834,0.0458866879343986,0.5689534978594237,2.6766182434294103,0.4481240884734865,0.0855547125387981
GV_1_v,1000,4.450398194682308,0.0329620763659477,1.4770626347628788,2.973335559919428,0.6566842513001206,0.1199893516878621
GM_0_f,1000,23.561339598049123,0.7439815402030945,5.446074905076949,18.11526469297217,2.91141740478165,0.7672338011244344
GM_0_v,1000,23.59045173404702,0.9372702836990356,5.668145343219936,17.92230639082708,2.731576517295961,0.7416243932274139
GM_1_f,1000,3.7467363903813737,0.0829192623496055,0.90220032043001,2.8445360699513635,0.5494857186540786,0.122693871899722
GM_1_v,1000,3.919482816002439,0.07229577004909515,1.0872756302316988,2.83220718577074,0.5754321699116451,0.06969968263175995
