{
    "n_layers": 2,
    "n_neurons": 493,
    "dropout_rate": 0.03135512968505151,
    "lr": 0.00448358761915674
}