{
    "n_layers": 5,
    "n_neurons": 432,
    "dropout_rate": 0.3144818564400035,
    "lr": 0.0001331849929276298
}