{
    "n_layers": 2,
    "n_neurons": 353,
    "dropout_rate": 0.020109372979469624,
    "lr": 0.0061370508237631695
}