{
    "n_layers": 3,
    "n_neurons": 486,
    "dropout_rate": 0.04123278091284857,
    "lr": 0.000252102803191353
}