{
    "n_layers": 2,
    "n_neurons": 497,
    "dropout_rate": 0.08478722743274378,
    "lr": 0.0001906664064209406
}