{"n_layers": 2, "n_neurons": 170, "dropout_rate": 0.09938138193729379, "lr": 0.003207191024795782}