{"n_layers": 3, "n_neurons": 164, "dropout_rate": 0.17873531831626943, "lr": 0.00019207194879525193}