{
    "n_layers": 6,
    "n_neurons": 505,
    "dropout_rate": 0.00019707365866238757,
    "lr": 0.0038117602379854013
}