{
    "n_layers": 2,
    "n_neurons": 474,
    "dropout_rate": 0.016889795163463627,
    "lr": 0.005135218601448872
}