{"n_layers": 1, "n_neurons": 198, "dropout_rate": 0.4957659850897068, "lr": 0.0024913436169681806}