{
    "n_layers": 2,
    "n_neurons": 512,
    "dropout_rate": 0.012414235323414449,
    "lr": 0.0029324396116966506
}