{
    "n_layers": 7,
    "n_neurons": 451,
    "dropout_rate": 0.001956263760064662,
    "lr": 0.0003006003330422892
}