{
    "n_layers": 2,
    "n_neurons": 304,
    "dropout_rate": 0.03658997460443098,
    "lr": 0.009140385724494287
}