{"n_layers": 2, "n_neurons": 121, "dropout_rate": 0.09083655115872324, "lr": 0.00253718150231027}