{"n_layers": 4, "n_neurons": 86, "dropout_rate": 0.4821868136977939, "lr": 0.004223819864296386}