{
    "n_layers": 4,
    "n_neurons": 387,
    "dropout_rate": 0.31889768934931045,
    "lr": 0.0004895759807313465
}