{"n_layers": 3, "n_neurons": 200, "dropout_rate": 0.030414298161169917, "lr": 0.00021655377994412122}