{
    "n_layers": 6,
    "n_neurons": 88,
    "dropout_rate": 0.40609936611369274,
    "lr": 0.0046383558784378765
}