{
    "n_layers": 2,
    "n_neurons": 308,
    "dropout_rate": 0.012789112045710633,
    "lr": 0.009977457228413826
}