{
    "n_layers": 2,
    "n_neurons": 496,
    "dropout_rate": 0.033644720847019596,
    "lr": 0.0009101683446476986
}