{
    "n_layers": 5,
    "n_neurons": 424,
    "dropout_rate": 0.32831501307670563,
    "lr": 0.0023508984564743836
}