{
    "n_layers": 5,
    "n_neurons": 287,
    "dropout_rate": 0.43210921730540663,
    "lr": 0.0002850727072105159
}