{
    "n_layers": 2,
    "n_neurons": 442,
    "dropout_rate": 0.01075660682418293,
    "lr": 0.005752410302697914
}