{
    "n_layers": 2,
    "base_filters": 32,
    "dropout_rate": 0.21709641076640587,
    "lr": 0.0016860769307697125
}