{
    "n_layers": 4,
    "base_filters": 64,
    "dropout_rate": 0.3829051706647638,
    "lr": 0.00046070665297710096
}