{
    "n_layers": 5,
    "base_filters": 32,
    "dropout_rate": 0.04049262016731704,
    "lr": 0.003132253426659697
}