{
    "n_layers": 4,
    "base_filters": 32,
    "dropout_rate": 0.12412444530121716,
    "lr": 0.004146822312822091
}