{
    "n_layers": 3,
    "n_neurons": 435,
    "dropout_rate": 0.0006132763694982903,
    "lr": 0.0006562510973117787
}