{
    "n_layers": 2,
    "n_neurons": 290,
    "dropout_rate": 0.0008027887518128052,
    "lr": 0.0005555563479107419
}