{"n_layers": 5, "n_neurons": 243, "dropout_rate": 0.08811924564922752, "lr": 0.00018476396904574185}