{
    "n_layers": 3,
    "n_neurons": 277,
    "dropout_rate": 0.00013982836299634787,
    "lr": 0.0020737367663482493
}