{"n_layers": 3, "n_neurons": 224, "dropout_rate": 0.4246096807170172, "lr": 0.003648603242255302}