{"n_layers": 3, "n_neurons": 161, "dropout_rate": 0.08662371268590269, "lr": 0.0006282885753635135}