{
    "n_layers": 3,
    "n_neurons": 488,
    "dropout_rate": 0.0003482938305971238,
    "lr": 0.00015528333692613135
}