{
    "n_layers": 3,
    "n_neurons": 456,
    "dropout_rate": 0.000150665910285119,
    "lr": 0.00021730878171398013
}