{
    "n_layers": 2,
    "n_neurons": 478,
    "dropout_rate": 0.0005724796589426763,
    "lr": 0.001185939358187835
}