{
    "n_layers": 2,
    "n_neurons": 378,
    "dropout_rate": 4.952403332789124e-05,
    "lr": 0.0009339825867316691
}