{
    "n_layers": 2,
    "n_neurons": 230,
    "dropout_rate": 4.7989090062866904e-05,
    "lr": 0.002898872420909423
}