{"n_layers": 1, "n_neurons": 203, "dropout_rate": 0.48494453407355076, "lr": 0.006300016734891638}