{
    "n_layers": 2,
    "n_neurons": 437,
    "dropout_rate": 0.0007337854851684493,
    "lr": 0.0023435705169440667
}