{
    "n_layers": 2,
    "n_neurons": 443,
    "dropout_rate": 4.1422917636401053e-05,
    "lr": 0.0020954407835821784
}