{
    "n_layers": 2,
    "n_neurons": 349,
    "dropout_rate": 0.00029498581352804766,
    "lr": 0.001411857816587445
}