{
    "n_layers": 2,
    "n_neurons": 416,
    "dropout_rate": 0.0027929631464898375,
    "lr": 0.0023835774879097053
}