{"n_layers": 1, "n_neurons": 242, "dropout_rate": 0.1394580994839778, "lr": 0.0036962991852949024}