{"n_layers": 5, "n_neurons": 84, "dropout_rate": 0.20416875744542745, "lr": 0.0034534031909066744}