{
    "n_layers": 2,
    "n_neurons": 372,
    "dropout_rate": 0.00957492064479305,
    "lr": 0.0016099132603435023
}