{
    "n_layers": 2,
    "n_neurons": 498,
    "dropout_rate": 0.007396427997019544,
    "lr": 0.0007438235525917036
}