{
    "n_layers": 2,
    "n_neurons": 486,
    "dropout_rate": 0.009430499799519178,
    "lr": 0.0004520213052906713
}