{
    "n_layers": 2,
    "n_neurons": 278,
    "dropout_rate": 0.00011574933377351453,
    "lr": 0.009375746905454107
}