{
    "n_layers": 2,
    "n_neurons": 502,
    "dropout_rate": 0.10278107941279016,
    "lr": 0.00010687905133311474
}