{
    "n_layers": 2,
    "n_neurons": 451,
    "dropout_rate": 0.1126462068142833,
    "lr": 0.00024573713199816424
}