{
    "n_layers": 6,
    "n_neurons": 499,
    "dropout_rate": 0.00031474697400810927,
    "lr": 0.0036697433589489375
}