{
    "n_layers": 4,
    "n_neurons": 371,
    "dropout_rate": 0.0026020373522144657,
    "lr": 0.0010153322368969874
}