{
    "n_layers": 5,
    "n_neurons": 512,
    "dropout_rate": 0.0008198991491997395,
    "lr": 0.002802614428581097
}