{
    "n_layers": 5,
    "n_neurons": 473,
    "dropout_rate": 0.0002995586842578942,
    "lr": 0.0012944854209106262
}