{"n_layers": 5, "n_neurons": 214, "dropout_rate": 0.28327084937153446, "lr": 0.0003872658180943374}