{"n_layers": 3, "n_neurons": 220, "dropout_rate": 0.179445749687349, "lr": 0.0012472585172362035}