{
    "n_layers": 3,
    "n_neurons": 251,
    "dropout_rate": 0.0004846540981321371,
    "lr": 0.0028442099798471963
}