{
    "n_layers": 3,
    "n_neurons": 495,
    "dropout_rate": 0.021611951954845835,
    "lr": 0.0015684175764808937
}