{"n_layers": 4, "n_neurons": 199, "dropout_rate": 0.40227490357409046, "lr": 0.0018370831475114718}