{"n_layers": 4, "n_neurons": 50, "dropout_rate": 0.3526027891503043, "lr": 0.0002767061091936219}