{"n_layers": 2, "n_neurons": 243, "dropout_rate": 0.08798503149616865, "lr": 0.00015057969070644695}