{"n_layers": 5, "n_neurons": 172, "dropout_rate": 0.14999336510957068, "lr": 0.001140472691032536}