{
    "n_layers": 3,
    "n_neurons": 461,
    "dropout_rate": 0.00024766858915676535,
    "lr": 0.007050433935155908
}