{
    "n_layers": 4,
    "n_neurons": 232,
    "dropout_rate": 0.00014363215574142983,
    "lr": 0.008126095628914731
}