{
    "n_layers": 6,
    "n_neurons": 412,
    "dropout_rate": 0.0063239756921672115,
    "lr": 0.004728758649360859
}