{
    "n_layers": 3,
    "n_neurons": 253,
    "dropout_rate": 0.0051044922718079585,
    "lr": 0.004551718735821033
}