{
    "n_layers": 6,
    "n_neurons": 423,
    "dropout_rate": 6.632034810468454e-05,
    "lr": 0.0033153371159121464
}