{
    "n_layers": 4,
    "n_neurons": 209,
    "dropout_rate": 0.00029341251464154927,
    "lr": 0.007531631779938904
}