{
    "n_layers": 2,
    "n_neurons": 200,
    "dropout_rate": 0.03855032520565149,
    "lr": 0.009930512583880972
}