{
    "n_layers": 5,
    "n_neurons": 443,
    "dropout_rate": 0.00031852219675027396,
    "lr": 0.00436102552838607
}